0x450711d5da9f7cadb0e4d3472be550328b37bdda,https://datocoin.io
0xe8fc7e1973496848fcb486c5bb880f68487ea0bb,https://litecoinwplus.com
0xccca48874780f9c42b162c9617bc6324c5142c22,https://satancoin.info
0x52e30201f31283dc5f7928b4198896083f604416,https://moldcoin.jp
0xb41b531359330d76bbcb0f1a24f94ff6bff30dc1,http://www.ne5g.io
0x70b147e01e9285e7ce68b9ba437fe3a9190e756a,https://fluxproject.xyz
0x7747aeb32d89e527e5ebbf646871ca79805989ad,https://litecoincash.io
0x38c04d415f6740c7700185533a64b5f44cbf684c,https://bitpark.bid
0x09d8b66c48424324b25754a873e290cae5dca439,https://novablitz.com
0x382a71ecb288da8701428406a36ffa5d8f072d55,https://exsulcoin.ga
